<?xml version='1.0' encoding='utf-8'?><!DOCTYPE dtbook PUBLIC "-//NISO//DTD dtbook 2005-2//EN" "http://www.daisy.org/z3986/2005/dtbook-2005-2.dtd"><?xml-stylesheet href='dtbook.2005.basic.css' type='text/css'?><dtbook xmlns="http://www.daisy.org/z3986/2005/dtbook/" xml:lang="en" version="2005-2"><head><meta name="dc:Title" content="Don't Worry, Be Happy Lyrics" /><meta content="Bobby McFerrin" name="dc:Creator" /><meta content="Ferrin press" name="dc:Publisher" /><meta content="en-US" name="dc:Language" /><meta content="1992-03-23" name="dc:Date" /><meta name="dtb:uid" content="F00000" /></head><book><frontmatter><doctitle id="dtb1" smilref="speechgen0001.smil#tcp1">Don't Worry, Be Happy</doctitle><docauthor id="dtb2" smilref="speechgen0001.smil#tcp2">Bobby McFerrin</docauthor><level1><p smilref="speechgen0001.smil#tcp3" id="dtb3">From the Movie "Cocktails".</p><p id="dtb4" smilref="speechgen0001.smil#tcp4">originally Performed by Bobby McFerrin.</p><p><sent id="dtb5" smilref="speechgen0001.smil#tcp5">With commentary by Professor S. </sent><sent id="dtb6" smilref="speechgen0001.smil#tcp6">Boork Boork, Oxford Cambridge.</sent></p></level1></frontmatter><bodymatter><level1><h1 smilref="speechgen0002.smil#tcp7" id="dtb7">Introductio</h1><linegroup><line smilref="speechgen0002.smil#tcp8" id="dtb8">Here is a little song I wrote</line><line><span class="normalized" smilref="speechgen0002.smil#tcp9" id="dtb9">You might want to sing it note</span><noteref idref="#fn1" smilref="speechgen0002.smil#tcp10" id="dtb10" class="footnote">1</noteref> <span id="dtb11" smilref="speechgen0002.smil#tcp11" class="normalized">for note </span></line><line smilref="speechgen0002.smil#tcp12" id="dtb12">Don't worry be happy</line><line id="dtb13" smilref="speechgen0002.smil#tcp13">In every life we have some trouble</line><line smilref="speechgen0002.smil#tcp14" id="dtb14">When you worry you make it double</line><line smilref="speechgen0002.smil#tcp15" id="dtb15">Don't worry, be happy......</line></linegroup></level1><level1><h1 id="dtb16" smilref="speechgen0003.smil#tcp16">Versa media, pre peripetum</h1><linegroup><line smilref="speechgen0003.smil#tcp17" id="dtb17">Ain't got no place to lay your head</line><line id="dtb18" smilref="speechgen0003.smil#tcp18">Somebody came and took your bed</line><line smilref="speechgen0003.smil#tcp19" id="dtb19">Don't worry, be happy</line><line><span class="normalized" id="dtb20" smilref="speechgen0003.smil#tcp20">The land lord say your rent is late</span><noteref id="dtb21" idref="#fn2" class="footnote" smilref="speechgen0003.smil#tcp21">2</noteref></line><line id="dtb22" smilref="speechgen0003.smil#tcp22">He may have to litigate</line><line id="dtb23" smilref="speechgen0003.smil#tcp23">Don't worry, be happy</line><line smilref="speechgen0003.smil#tcp24" id="dtb24">Lood at me I am happy</line><line smilref="speechgen0003.smil#tcp25" id="dtb25">Don't worry, be happy</line><line id="dtb26" smilref="speechgen0003.smil#tcp26">Here I give you my phone number</line><line id="dtb27" smilref="speechgen0003.smil#tcp27">When you worry call me</line><line smilref="speechgen0003.smil#tcp28" id="dtb28">I make you happy</line><line smilref="speechgen0003.smil#tcp29" id="dtb29">Don't worry, be happy</line></linegroup><level2><h2 id="dtb30" smilref="speechgen0004.smil#tcp30">Culmen interludiaris</h2><linegroup><line id="dtb31" smilref="speechgen0004.smil#tcp31">Ain't got no cash, ain't got no style</line><line id="dtb32" smilref="speechgen0004.smil#tcp32">Ain't got not girl to make you smile</line><line smilref="speechgen0004.smil#tcp33" id="dtb33">But don't worry be happy</line><line smilref="speechgen0004.smil#tcp34" id="dtb34">Cause when you worry</line><line id="dtb35" smilref="speechgen0004.smil#tcp35">Your face will frown</line><line smilref="speechgen0004.smil#tcp36" id="dtb36">And that will bring everybody down</line><line smilref="speechgen0004.smil#tcp37" id="dtb37">So don't worry, be happy (now).....</line></linegroup></level2></level1><level1><h1 smilref="speechgen0005.smil#tcp38" id="dtb38">Concludio</h1><linegroup><line id="dtb39" smilref="speechgen0005.smil#tcp39">There is this little song I wrote</line><line smilref="speechgen0005.smil#tcp40" id="dtb40">I hope you learn it note for note</line><line smilref="speechgen0005.smil#tcp41" id="dtb41">Like good little children</line><line smilref="speechgen0005.smil#tcp42" id="dtb42">Don't worry, be happy</line><line smilref="speechgen0005.smil#tcp43" id="dtb43">Listen to what I say</line><line smilref="speechgen0005.smil#tcp44" id="dtb44">In your life expect some trouble</line><line smilref="speechgen0005.smil#tcp45" id="dtb45">But when you worry</line><line smilref="speechgen0005.smil#tcp46" id="dtb46">You make it double</line></linegroup><level2><h2 id="dtb47" smilref="speechgen0006.smil#tcp47">Repetitio ad nauseam</h2><linegroup><line smilref="speechgen0006.smil#tcp48" id="dtb48">Don't worry, be happy......</line><line smilref="speechgen0006.smil#tcp49" id="dtb49">Don't worry don't do it, be happy</line><line smilref="speechgen0006.smil#tcp50" id="dtb50">Put a smile on your face</line><line id="dtb51" smilref="speechgen0006.smil#tcp51">Don't bring everybody down like this</line><line smilref="speechgen0006.smil#tcp52" id="dtb52">Don't worry, it will soon past</line><line smilref="speechgen0006.smil#tcp53" id="dtb53">Whatever it is</line><line smilref="speechgen0006.smil#tcp54" id="dtb54">Don't worry, be happy</line></linegroup></level2></level1></bodymatter><rearmatter><level1><h1 id="dtb55" smilref="speechgen0007.smil#tcp55">Notes</h1><note id="fn1" class="endnote" smilref="speechgen0007.smil#tcs1"><p smilref="speechgen0007.smil#tcp56" id="dtb56">The author makes a plump reference to Homeros, Iliad, book 4 Chapter 4, verse 3.</p></note><note smilref="speechgen0007.smil#tcs2" class="endnote" id="fn2"><p><sent id="dtb57" smilref="speechgen0007.smil#tcp57">This was initially expressed in T.S. </sent><sent id="dtb58" smilref="speechgen0007.smil#tcp58">Eliot, The Wasteland, and in Hugh Selwyn Mauberley, stanza 4, line 3.</sent></p></note></level1></rearmatter></book></dtbook>