<configuration>
    
    <conversionRule conversionWord="coloredLevel" converterClass="play.api.Logger$ColoredLevel" />
    
    <appender name="FILE" class="ch.qos.logback.core.rolling.RollingFileAppender">
        <file>${DP2DATA}/log/webui.log</file>
        <encoder>
            <charset>UTF-8</charset>
            <pattern>%date - [%level] - from %logger in %thread %n%message%n%xException%n</pattern>
        </encoder>
        <rollingPolicy class="ch.qos.logback.core.rolling.TimeBasedRollingPolicy">
            <!-- daily rollover -->
            <fileNamePattern>${DP2DATA}/log/webui.%d{yyyy-MM-dd}.%i.log</fileNamePattern>
            <timeBasedFileNamingAndTriggeringPolicy class="ch.qos.logback.core.rolling.SizeAndTimeBasedFNATP">
                <!-- or whenever the file size reaches 50MB -->
                <maxFileSize>50MB</maxFileSize>
            </timeBasedFileNamingAndTriggeringPolicy>

            <!-- keep 30 days' worth of history -->
            <maxHistory>30</maxHistory>
        </rollingPolicy>
    </appender>
    
    <appender name="STDOUT" class="ch.qos.logback.core.ConsoleAppender">
        <encoder>
            <charset>UTF-8</charset>
            <pattern>%coloredLevel %logger{15} - %message%n%xException{5}</pattern>
        </encoder>
    </appender>
    
    <logger name="play" level="INFO" />
    <logger name="application" level="INFO" />
    
    <root level="ERROR">
        <appender-ref ref="STDOUT" />
        <appender-ref ref="FILE" />
    </root>
    
</configuration>
