<?xml version="1.0" encoding="UTF-8"?>
<MarkupByWords>
    <Message name="CAPTION">Markup acronyms by words</Message>
    <Message name="POSITIVE_RESULT">Marked up $count acronyms by positive words</Message>
    <Message name="POSSIBLE_QUESTION">Do you wish to mark up the possible word $word as an acronym?</Message>
    <Message name="POSSIBLE_RESULT">Marked up $count acronyms by possible words</Message>
    <Fragment>
        <acronym xmlns="http://www.daisy.org/z3986/2005/dtbook/"/>
    </Fragment>
    <StartNode xpath="/dtbook/book"/>
    <ExcludedParentElements>
        <ExcludedParentElement>
            <acronym xmlns="http://www.daisy.org/z3986/2005/dtbook/"/>
            <a xmlns="http://www.daisy.org/z3986/2005/dtbook/"/>
        </ExcludedParentElement>
    </ExcludedParentElements>
    <PositiveWords>
        <Word>AASM</Word>
        <Word>ABEDA</Word>
        <Word>ACP</Word>
        <Word>AEC</Word>
        <Word>AEFJ</Word>
        <Word>AELE</Word>
        <Word>AEN</Word>
        <Word>AETR</Word>
        <Word>AI</Word>
        <Word>AID</Word>
        <Word>AIDS</Word>
        <Word>AIEE</Word>
        <Word>ALA</Word>
        <Word>ALADI</Word>
        <Word>ALALE</Word>
        <Word>Altener</Word>
        <Word>AMF</Word>
        <Word>AMU</Word>
        <Word>ANASE</Word>
        <Word>ANC</Word>
        <Word>APEC</Word>
        <Word>ASCII</Word>
        <Word>ASEAN</Word>
        <Word>ASOR</Word>
        <Word>ASP</Word>
        <Word>ATP</Word>
        <Word>AVS</Word>
        <Word>BAA</Word>
        <Word>BCC</Word>
        <Word>BC-net</Word>
        <Word>BEE</Word>
        <Word>BEI</Word>
        <Word>Benelux</Word>
        <Word>BERD</Word>
        <Word>BEUC</Word>
        <Word>BFI</Word>
        <Word>BIC</Word>
        <Word>BICEP</Word>
        <Word>BIRD</Word>
        <Word>BIS</Word>
        <Word>BIT</Word>
        <Word>BLEU</Word>
        <Word>BLØU</Word>
        <Word>BNI</Word>
        <Word>BNP</Word>
        <Word>BRE</Word>
        <Word>BSE</Word>
        <Word>BST</Word>
        <Word>CAA</Word>
        <Word>CAC</Word>
        <Word>CACM</Word>
        <Word>cad</Word>
        <Word>cam</Word>
        <Word>CAP</Word>
        <Word>CARE</Word>
        <Word>CBSS</Word>
        <Word>CCAMLR</Word>
        <Word>CCB</Word>
        <Word>CCBE</Word>
        <Word>CCC</Word>
        <Word>CCCN</Word>
        <Word>CCITT</Word>
        <Word>CCT</Word>
        <Word>cd-rom</Word>
        <Word>CE</Word>
        <Word>CECA</Word>
        <Word>CECAF</Word>
        <Word>Cedefop</Word>
        <Word>Cedex</Word>
        <Word>CEECs</Word>
        <Word>CEIES</Word>
        <Word>CEN</Word>
        <Word>Cenelec</Word>
        <Word>CEPT</Word>
        <Word>CERD</Word>
        <Word>CERN</Word>
        <Word>CES</Word>
        <Word>CESE</Word>
        <Word>CETIS</Word>
        <Word>CFC</Word>
        <Word>CFP</Word>
        <Word>CFPE</Word>
        <Word>CFSP</Word>
        <Word>CIDST</Word>
        <Word>CIEC</Word>
        <Word>CIREA</Word>
        <Word>CIREFI</Word>
        <Word>CIS</Word>
        <Word>CITES</Word>
        <Word>CMEA</Word>
        <Word>CMT</Word>
        <Word>CNRS</Word>
        <Word>Cocolaf</Word>
        <Word>Codest</Word>
        <Word>Cogeca</Word>
        <Word>Coline</Word>
        <Word>Comecon</Word>
        <Word>Comedi</Word>
        <Word>Comext</Word>
        <Word>COPA</Word>
        <Word>Copac</Word>
        <Word>Copec</Word>
        <Word>COR</Word>
        <Word>Cordi</Word>
        <Word>CORDIS (1)</Word>
        <Word>Coreper</Word>
        <Word>CPA</Word>
        <Word>CPCA</Word>
        <Word>CPE</Word>
        <Word>CRS</Word>
        <Word>CSCE</Word>
        <Word>CSDN</Word>
        <Word>CSF</Word>
        <Word>CSME</Word>
        <Word>CST</Word>
        <Word>CTS</Word>
        <Word>CØEL</Word>
        <Word>DA</Word>
        <Word>DAC</Word>
        <Word>Danida</Word>
        <Word>DECT</Word>
        <Word>DG</Word>
        <Word>DIANE</Word>
        <Word>DIC</Word>
        <Word>DIN</Word>
        <Word>DISC</Word>
        <Word>DOM</Word>
        <Word>DRAM</Word>
        <Word>DTP</Word>
        <Word>EAD</Word>
        <Word>EAS</Word>
        <Word>EBGU</Word>
        <Word>EBRD</Word>
        <Word>ECA</Word>
        <Word>ECAC</Word>
        <Word>ECB</Word>
        <Word>ECDIN</Word>
        <Word>ECE</Word>
        <Word>ECHA</Word>
        <Word>ECHO</Word>
        <Word>Ecip</Word>
        <Word>Ecosoc</Word>
        <Word>Ecowas</Word>
        <Word>ECS</Word>
        <Word>ECTEL</Word>
        <Word>ECTS</Word>
        <Word>ECU</Word>
        <Word>EDC</Word>
        <Word>EDI</Word>
        <Word>Edicom</Word>
        <Word>EDPS</Word>
        <Word>EDU</Word>
        <Word>EF</Word>
        <Word>EFICS</Word>
        <Word>EFMS</Word>
        <Word>EFRU</Word>
        <Word>EFS</Word>
        <Word>EFSR</Word>
        <Word>EFT</Word>
        <Word>EFTA</Word>
        <Word>EFTG</Word>
        <Word>EHLASS</Word>
        <Word>EIB</Word>
        <Word>EIC</Word>
        <Word>EIF</Word>
        <Word>EIN</Word>
        <Word>Einecs</Word>
        <Word>EIT</Word>
        <Word>EKSF</Word>
        <Word>EMBC</Word>
        <Word>EMCDDA</Word>
        <Word>EMF</Word>
        <Word>EMI</Word>
        <Word>EMRE</Word>
        <Word>EMS</Word>
        <Word>EMU</Word>
        <Word>EN</Word>
        <Word>ENS</Word>
        <Word>EONN</Word>
        <Word>EOTC</Word>
        <Word>EP</Word>
        <Word>EPO</Word>
        <Word>EPS</Word>
        <Word>ERE</Word>
        <Word>ERICA</Word>
        <Word>ERMES</Word>
        <Word>ESA</Word>
        <Word>ESC</Word>
        <Word>ESCAP</Word>
        <Word>ESCB</Word>
        <Word>ESDC</Word>
        <Word>ESF</Word>
        <Word>ETS</Word>
        <Word>ETSI</Word>
        <Word>EU</Word>
        <Word>EUF</Word>
        <Word>EUGFL</Word>
        <Word>EUR</Word>
        <Word>Euratom</Word>
        <Word>Eures</Word>
        <Word>Eurocontrol</Word>
        <Word>Eurocoop</Word>
        <Word>Eurofer</Word>
        <Word>Eurolib-per</Word>
        <Word>Europol</Word>
        <Word>Eurostat</Word>
        <Word>Eurydice</Word>
        <Word>EUT</Word>
        <Word>Eutelsat</Word>
        <Word>EVCA</Word>
        <Word>EWOS</Word>
        <Word>EWS</Word>
        <Word>EØF</Word>
        <Word>EØFG</Word>
        <Word>EØS</Word>
        <Word>EØSU</Word>
        <Word>FAO</Word>
        <Word>FBR</Word>
        <Word>FEB</Word>
        <Word>FECOM</Word>
        <Word>FED</Word>
        <Word>FEDER</Word>
        <Word>FEOGA</Word>
        <Word>FFC</Word>
        <Word>FIUF</Word>
        <Word>FME</Word>
        <Word>FMI</Word>
        <Word>FN</Word>
        <Word>FSE</Word>
        <Word>FSR</Word>
        <Word>FTU</Word>
        <Word>FoU</Word>
        <Word>FUSP</Word>
        <Word>FYROM</Word>
        <Word>FVF</Word>
        <Word>G7</Word>
        <Word>G8</Word>
        <Word>G24</Word>
        <Word>GAB</Word>
        <Word>GATS</Word>
        <Word>GATT</Word>
        <Word>GCC</Word>
        <Word>GD</Word>
        <Word>GEF</Word>
        <Word>GEIE/EEIG</Word>
        <Word>GFCM</Word>
        <Word>GRULA</Word>
        <Word>GSA</Word>
        <Word>GSM</Word>
        <Word>GSP</Word>
        <Word>GTIAD</Word>
        <Word>HCFC</Word>
        <Word>HDTV</Word>
        <Word>HFR</Word>
        <Word>HS</Word>
        <Word>HTM</Word>
        <Word>HTM-DB</Word>
        <Word>HTR</Word>
        <Word>HWR</Word>
        <Word>IAEA</Word>
        <Word>IATA</Word>
        <Word>IBC</Word>
        <Word>IBRD</Word>
        <Word>ICC</Word>
        <Word>ICES</Word>
        <Word>ICNAF</Word>
        <Word>ICO</Word>
        <Word>Icone</Word>
        <Word>ICP</Word>
        <Word>ICRP</Word>
        <Word>ICSEAF</Word>
        <Word>IDB</Word>
        <Word>IDEC</Word>
        <Word>IEA</Word>
        <Word>IEC</Word>
        <Word>ILO</Word>
        <Word>IMF</Word>
        <Word>IMO</Word>
        <Word>IMP</Word>
        <Word>Inmarsat</Word>
        <Word>Insta</Word>
        <Word>Intelsat</Word>
        <Word>Interreg</Word>
        <Word>Inrtastat</Word>
        <Word>IOU</Word>
        <Word>IPC</Word>
        <Word>IPE</Word>
        <Word>IRDAC</Word>
        <Word>IRS</Word>
        <Word>IRU</Word>
        <Word>ISBN</Word>
        <Word>ISDN</Word>
        <Word>ISIS</Word>
        <Word>ISO</Word>
        <Word>ISSN</Word>
        <Word>ITC</Word>
        <Word>ITER</Word>
        <Word>ITTO</Word>
        <Word>ITU</Word>
        <Word>IUA</Word>
        <Word>Iuclid</Word>
        <Word>IWC</Word>
        <Word>JET</Word>
        <Word>JO</Word>
        <Word>JRC</Word>
        <Word>KN</Word>
        <Word>LAFTA</Word>
        <Word>LAIA</Word>
        <Word>LAN</Word>
        <Word>LDC</Word>
        <Word>Life</Word>
        <Word>LNG</Word>
        <Word>LPG</Word>
        <Word>MCM</Word>
        <Word>Mercosur</Word>
        <Word>MFA</Word>
        <Word>MFN</Word>
        <Word>MIRIAM</Word>
        <Word>Misep</Word>
        <Word>MSA</Word>
        <Word>MTN</Word>
        <Word>MUB</Word>
        <Word>NABS</Word>
        <Word>NACE</Word>
        <Word>NAFO</Word>
        <Word>NAFTA</Word>
        <Word>NAMSA</Word>
        <Word>Naric</Word>
        <Word>NATO</Word>
        <Word>NEA</Word>
        <Word>NEAFC</Word>
        <Word>NET</Word>
        <Word>ngo</Word>
        <Word>NIC</Word>
        <Word>NIS</Word>
        <Word>NUTS</Word>
        <Word>OAPEC</Word>
        <Word>OAU</Word>
        <Word>OCDE</Word>
        <Word>OD</Word>
        <Word>OECD</Word>
        <Word>OIT</Word>
        <Word>OLADE</Word>
        <Word>OLT</Word>
        <Word>OMS</Word>
        <Word>ONG</Word>
        <Word>ONP</Word>
        <Word>ONU</Word>
        <Word>OPEC</Word>
        <Word>OSCE</Word>
        <Word>OSI</Word>
        <Word>OT</Word>
        <Word>OTAN</Word>
        <Word>Ovide</Word>
        <Word>PAC</Word>
        <Word>PAM</Word>
        <Word>PCB</Word>
        <Word>PCT</Word>
        <Word>PE</Word>
        <Word>PECO</Word>
        <Word>PESC</Word>
        <Word>Phare</Word>
        <Word>PIC</Word>
        <Word>PIM</Word>
        <Word>Pinc</Word>
        <Word>PISA</Word>
        <Word>PMA</Word>
        <Word>PMD</Word>
        <Word>PSDN</Word>
        <Word>pvc</Word>
        <Word>PVD</Word>
        <Word>Rapid</Word>
        <Word>RARE</Word>
        <Word>RGØB</Word>
        <Word>RIA</Word>
        <Word>RNIS</Word>
        <Word>RU</Word>
        <Word>SADC</Word>
        <Word>SADCC</Word>
        <Word>SALT</Word>
        <Word>Save</Word>
        <Word>SCAD</Word>
        <Word>SCAF</Word>
        <Word>SCENT</Word>
        <Word>SCIC</Word>
        <Word>SDR</Word>
        <Word>SEBC</Word>
        <Word>SEDOC</Word>
        <Word>SIENA</Word>
        <Word>Simap</Word>
        <Word>SIR</Word>
        <Word>SIS</Word>
        <Word>SITC</Word>
        <Word>SME</Word>
        <Word>SMV</Word>
        <Word>SNG</Word>
        <Word>Socrates</Word>
        <Word>Stabex</Word>
        <Word>STOA</Word>
        <Word>Sysmin</Word>
        <Word>Systran</Word>
        <Word>TAC</Word>
        <Word>Tacis</Word>
        <Word>Taric</Word>
        <Word>TED</Word>
        <Word>Tempus</Word>
        <Word>TIF</Word>
        <Word>TIR</Word>
        <Word>TIS</Word>
        <Word>TOM</Word>
        <Word>TREVI</Word>
        <Word>TRIPs</Word>
        <Word>TSR</Word>
        <Word>TSRN</Word>
        <Word>TUB</Word>
        <Word>TVA</Word>
        <Word>UB</Word>
        <Word>UHF</Word>
        <Word>UHT</Word>
        <Word>UIS</Word>
        <Word>ULA</Word>
        <Word>UMA</Word>
        <Word>UN</Word>
        <Word>UNBRO</Word>
        <Word>UNCTAD</Word>
        <Word>UNDP</Word>
        <Word>UNDRO</Word>
        <Word>UNEP</Word>
        <Word>UNESCO</Word>
        <Word>UNHCR</Word>
        <Word>Unice</Word>
        <Word>Unicef</Word>
        <Word>UNIDO</Word>
        <Word>UNIFIL</Word>
        <Word>UNRRA</Word>
        <Word>UNRWA</Word>
        <Word>UPU</Word>
        <Word>VAT</Word>
        <Word>VHF</Word>
        <Word>WCL</Word>
        <Word>WCT</Word>
        <Word>WEC</Word>
        <Word>WECAFC</Word>
        <Word>WEP</Word>
        <Word>WEU</Word>
        <Word>WFC</Word>
        <Word>WFP</Word>
        <Word>WHO</Word>
        <Word>WIPO</Word>
        <Word>WTO</Word>
        <Word>WWF</Word>
        <Word>ØMU</Word>
        <Word>ØSU</Word>
    </PositiveWords>
    <PossibleWords>
        <Word>Agrep</Word>
        <Word>Ariane</Word>
        <Word>ASAP</Word>
        <Word>Comenius</Word>
        <Word>Cost</Word>
        <Word>Crest</Word>
        <Word>Cronos</Word>
        <Word>Epoch</Word>
        <Word>Erasmus</Word>
        <Word>Eureka</Word>
    </PossibleWords>
</MarkupByWords>
