<!--*- nxml -*-->
<xproc-config xmlns="http://xmlcalabash.com/ns/configuration"
	      xmlns:px="http://www.daisy.org/ns/pipeline/xproc"
>

<implementation type="px:copy" class-name="com.xmlcalabash.extensions.fileutils.Copy"/>
<implementation type="px:cwd" class-name="com.xmlcalabash.extensions.osutils.Cwd"/>
<implementation type="px:delete" class-name="com.xmlcalabash.extensions.fileutils.Delete"/>
<implementation type="px:head" class-name="com.xmlcalabash.extensions.fileutils.Head"/>
<implementation type="px:info" class-name="com.xmlcalabash.extensions.fileutils.Info"/>
<implementation type="px:mkdir" class-name="com.xmlcalabash.extensions.fileutils.Mkdir"/>
<implementation type="px:move" class-name="com.xmlcalabash.extensions.fileutils.Move"/>
<implementation type="px:tail" class-name="com.xmlcalabash.extensions.fileutils.Tail"/>
<implementation type="px:tempfile" class-name="com.xmlcalabash.extensions.fileutils.Tempfile"/>
<implementation type="px:touch" class-name="com.xmlcalabash.extensions.fileutils.Touch"/>
<implementation type="px:unzip" class-name="com.xmlcalabash.extensions.Unzip"/>
<implementation type="px:zip" class-name="com.xmlcalabash.extensions.Zip"/>


</xproc-config>
